,names,companies,car_births,car_types,car_prices_1,car_prices_2,fuel_efficiencies,fuels,images
0,2022 캐스퍼,현대,국산차,경형,,,정보없음,가솔린,https://imgauto-phinf.pstatic.net/20210901_195/auto_163045763221657AiV_PNG/20210901095324_65Cye5HC.png?type=f160_116
1,2022 GV60,제네시스,국산차,준중형,,,정보없음,전기,https://imgauto-phinf.pstatic.net/20210903_152/auto_16306396057912f8NE_PNG/20210903122634_sU2fIV2m.png?type=f160_116
2,2022 EV6,기아,국산차,준중형,4730.0,5980.0,4.6~5.6km/kWh,전기,https://imgauto-phinf.pstatic.net/20210331_251/auto_1617151412017aCxpE_PNG/20210331094328_iHjfnzpl.png?type=f160_116
3,2022 셀토스,기아,국산차,소형,1944.0,2930.0,10.9~17.1km/ℓ,"디젤,가솔린",https://imgauto-phinf.pstatic.net/20210722_200/auto_1626915050553UEENg_PNG/20210722094910_MBPYF3If.png?type=f160_116
4,2020 아반떼,현대,국산차,준중형,1570.0,2779.0,10.5~15.4km/ℓ,"가솔린,LPG",https://imgauto-phinf.pstatic.net/20200407_287/auto_1586224652431bUq6f_PNG/20200407105728_c9QG5Lkd.png?type=f160_116
5,2022 GV80,제네시스,국산차,준대형,6136.0,7056.0,8.0~11.8km/ℓ,"디젤,가솔린",https://imgauto-phinf.pstatic.net/20210830_75/auto_1630286585462aXVk8_PNG/20210830102254_UmdESY5U.png?type=f160_116
6,2022 스포티지,기아,국산차,준중형,2422.0,3731.0,11.1~14.6km/ℓ,"디젤,가솔린",https://imgauto-phinf.pstatic.net/20210706_146/auto_1625534646734zB9he_PNG/20210706102403_S4NwJzs4.png?type=f160_116
7,2021 GV70,제네시스,국산차,중형,4791.0,5724.0,8.5~13.5km/ℓ,"디젤,가솔린",https://imgauto-phinf.pstatic.net/20201208_104/auto_1607391617511Vx54E_PNG/20201208104013_Rj7kd6MG.png?type=f160_116
8,2022 베뉴,현대,국산차,소형,1689.0,2236.0,13.3~13.7km/ℓ,가솔린,https://imgauto-phinf.pstatic.net/20210708_185/auto_1625727297452FYAA0_PNG/20210708155442_CPvewnAs.png?type=f160_116
9,2022 카니발,기아,국산차,대형,3180.0,4381.0,8.9~13.1km/ℓ,"디젤,가솔린",https://imgauto-phinf.pstatic.net/20210712_252/auto_1626061998763bsOjh_PNG/20210712125308_DWknO2Ak.png?type=f160_116
10,2022 스포티지 하이브리드,기아,국산차,준중형,3109.0,3691.0,16.7km/ℓ,"하이브리드,가솔린,전기",https://imgauto-phinf.pstatic.net/20210720_2/auto_1626745439427je1Hj_PNG/20210720104356_VBogd3fW.png?type=f160_116
11,2022 레이,기아,국산차,경형,1275.0,1580.0,12.7~13.0km/ℓ,가솔린,https://imgauto-phinf.pstatic.net/20210705_117/auto_1625460707877OIULa_PNG/20210705135124_dgR8ELMY.png?type=f160_116
12,2021 아이오닉 5,현대,국산차,준중형,4695.0,5755.0,4.5~5.1km/kWh,전기,https://imgauto-phinf.pstatic.net/20210602_34/auto_1622623687340ICBCd_PNG/20210602174804_IvlK86is.png?type=f160_116
13,2021 마이브 M1,마이브,국산차,경형,1749.0,,5.5km/kWh,전기,https://imgauto-phinf.pstatic.net/20210412_189/auto_1618198898185hBxle_PNG/20210412124124_AyOFMUH7.png?type=f160_116
14,2021 그랜저,현대,국산차,준대형,3182.0,4388.0,7.4~11.9km/ℓ,"가솔린,LPG",https://imgauto-phinf.pstatic.net/20210511_131/auto_1620704669914k7Gkl_PNG/20210511124238_Yo6bIqLr.png?type=f160_116
15,2022 G80,제네시스,국산차,준대형,5311.0,6251.0,8.4~14.6km/ℓ,"디젤,가솔린",https://imgauto-phinf.pstatic.net/20210621_179/auto_1624263275728ogdFr_PNG/20210621171434_vmUcokpH.png?type=f160_116
16,2022 쏘렌토 하이브리드,기아,국산차,중형,3515.0,4546.0,13.2~15.3km/ℓ,"하이브리드,가솔린,전기",https://imgauto-phinf.pstatic.net/20210819_274/auto_1629336482214IQuxd_PNG/20210819102748_CUJIkpG2.png?type=f160_116
17,2021 투싼,현대,국산차,준중형,2435.0,3696.0,11.0~14.8km/ℓ,"디젤,가솔린",https://imgauto-phinf.pstatic.net/20200917_139/auto_1600330991366jiUjg_PNG/20200917172308_oXaK71Hw.png?type=f160_116
18,2020 팰리세이드,현대,국산차,준대형,3573.0,5563.0,8.9~12.1km/ℓ,"디젤,가솔린",https://imgauto-phinf.pstatic.net/20200506_229/auto_1588727219699FW5rL_PNG/20200506100647_lPajgN1s.png?type=f160_116
19,2022 QM6,르노삼성,국산차,중형,2465.0,3908.0,8.6~12.5km/ℓ,"디젤,가솔린,LPG",https://imgauto-phinf.pstatic.net/20210903_96/auto_1630633625545TlDlR_PNG/20210903104703_VV5lCkXg.png?type=f160_116
20,2022 스팅어,기아,국산차,중형,3878.0,5006.0,8.5~11.2km/ℓ,가솔린,https://imgauto-phinf.pstatic.net/20210906_154/auto_1630896140653Er0L7_PNG/20210906114208_a6EehRZi.png?type=f160_116
21,2022 쏘렌토,기아,국산차,중형,2958.0,4273.0,9.7~14.3km/ℓ,"디젤,가솔린",https://imgauto-phinf.pstatic.net/20210705_287/auto_1625445371277N0B99_PNG/20210705093459_h5ew15Q8.png?type=f160_116
22,2022 모닝,기아,국산차,경형,1175.0,1520.0,15.7km/ℓ,가솔린,https://imgauto-phinf.pstatic.net/20210623_215/auto_1624418803978EBiIc_PNG/20210623122627_3NbW6DDE.png?type=f160_116
23,2021 아반떼 N,현대,국산차,준중형,3212.0,3402.0,10.4~10.7km/ℓ,가솔린,https://imgauto-phinf.pstatic.net/20210714_258/auto_1626232746748pwqPy_PNG/20210714121904_LgA0sArj.png?type=f160_116
24,2021 G70,제네시스,국산차,중형,4035.0,4830.0,8.9~14.9km/ℓ,"디젤,가솔린",https://imgauto-phinf.pstatic.net/20201020_181/auto_1603154964560V68ob_PNG/20201020094920_BYB5YTiL.png?type=f160_116
25,2022 K5,기아,국산차,중형,2381.0,3171.0,9.8~13.6km/ℓ,"가솔린,LPG",https://imgauto-phinf.pstatic.net/20210625_168/auto_1624584909067Px7to_PNG/20210625103339_cXj9IY66.png?type=f160_116
26,2022 니로 하이브리드,기아,국산차,소형,2439.0,3017.0,17.1~19.5km/ℓ,"하이브리드,가솔린,전기",https://imgauto-phinf.pstatic.net/20210604_294/auto_162277636678023qbI_PNG/20210604121220_JSZe96m6.png?type=f160_116
27,2021 K8,기아,국산차,준대형,3220.0,4526.0,7.7~12.0km/ℓ,"가솔린,LPG",https://imgauto-phinf.pstatic.net/20210413_121/auto_16182756630454OIf5_PNG/20210413100059_mjk3TjYX.png?type=f160_116
28,2021 싼타페 하이브리드,현대,국산차,중형,3414.0,4497.0,13.1~15.3km/ℓ,"하이브리드,가솔린,전기",https://imgauto-phinf.pstatic.net/20210709_143/auto_1625817281005rLcf3_PNG/20210709165437_daDHRKHe.png?type=f160_116
29,2022 EV6 GT,기아,국산차,준중형,7200.0,,정보없음,전기,https://imgauto-phinf.pstatic.net/20210413_246/auto_1618283487781RBkXY_PNG/20210413121115_dzxgxXNt.png?type=f160_116
30,2021 스타리아,현대,국산차,대형,2516.0,4412.0,6.5~12.3km/ℓ,"디젤,LPG",https://imgauto-phinf.pstatic.net/20210322_21/auto_1616381767918es6No_PNG/20210322115603_s5SuEOiQ.png?type=f160_116
31,2022 렉스턴,쌍용,국산차,준대형,3737.0,5018.0,11.1~11.6km/ℓ,디젤,https://imgauto-phinf.pstatic.net/20210803_124/auto_1627954050418Cx1jG_PNG/20210803102715_DuGjQToR.png?type=f160_116
32,2020 싼타페,현대,국산차,중형,2975.0,4212.0,9.5~14.2km/ℓ,"디젤,가솔린",https://imgauto-phinf.pstatic.net/20200630_211/auto_15934984794878p92q_PNG/20200630152756_dqkVvr2y.png?type=f160_116
33,2021 코나,현대,국산차,소형,1999.0,2996.0,11.6~13.9km/ℓ,가솔린,https://imgauto-phinf.pstatic.net/20200902_230/auto_1599010387770nrwj6_PNG/20200902103256_Lzj7EQyD.png?type=f160_116
34,2022 카니발 하이리무진,기아,국산차,대형,6096.0,8683.0,8.4~11.5km/ℓ,"디젤,가솔린",https://imgauto-phinf.pstatic.net/20210712_36/auto_1626063327761efyFe_PNG/20210712131512_ZkLQufpD.png?type=f160_116
35,2022 XM3,르노삼성,국산차,소형,1787.0,2641.0,13.2~13.8km/ℓ,가솔린,https://imgauto-phinf.pstatic.net/20210603_231/auto_1622701204833XumzS_PNG/20210603151952_oamtOoHC.png?type=f160_116
36,2021 쏘나타,현대,국산차,중형,2547.0,3645.0,9.9~13.8km/ℓ,"가솔린,LPG",https://imgauto-phinf.pstatic.net/20210422_192/auto_161906473989766Uqc_PNG/20210422131211_sU38kBib.png?type=f160_116
37,2021 디피코 포트로 EV 픽업,디피코,국산차,경형,2068.0,2280.0,4.2km/kWh,전기,https://imgauto-phinf.pstatic.net/20210323_161/auto_1616471210028PyKBF_PNG/20210323124640_0LACwBF7.png?type=f160_116
38,2022 K3,기아,국산차,준중형,1738.0,2425.0,14.1~15.2km/ℓ,가솔린,https://imgauto-phinf.pstatic.net/20210427_204/auto_1619492074130Igh6d_PNG/20210427115430_uLZZQR62.png?type=f160_116
39,2021 G90,제네시스,국산차,대형,7903.0,11977.0,억,7389km,https://imgauto-phinf.pstatic.net/20200626_33/auto_1593152164997R5iQe_PNG/20200626151554_4S7wGgir.png?type=f160_116
40,2021 K8 하이브리드,기아,국산차,준대형,3698.0,4287.0,17.1~18.0km/ℓ,"하이브리드,가솔린,전기",https://imgauto-phinf.pstatic.net/20210504_231/auto_162009085622663O0r_PNG/20210504101359_xRwtPp52.png?type=f160_116
41,2021 넥쏘,현대,국산차,중형,6765.0,7095.0,93.7~96.2km/kg,수소,https://imgauto-phinf.pstatic.net/20210118_2/auto_1610930779940gSkjG_PNG/20210118094559_01t9Np95.png?type=f160_116
42,2022 티볼리,쌍용,국산차,소형,1689.0,2447.0,10.8~12.5km/ℓ,가솔린,https://imgauto-phinf.pstatic.net/20210504_227/auto_16200978900267R6Ly_PNG/20210504121127_DLw8m88e.png?type=f160_116
43,2021 일렉트리파이드 G80,제네시스,국산차,준대형,8281.0,,4.3km/kWh,전기,https://imgauto-phinf.pstatic.net/20210708_164/auto_1625704726554vXQyp_PNG/20210708093842_ELMdMjqE.png?type=f160_116
44,2021 그랜저 하이브리드,현대,국산차,준대형,3679.0,4489.0,15.2~16.2km/ℓ,"하이브리드,가솔린,전기",https://imgauto-phinf.pstatic.net/20210511_35/auto_1620698351591r4i1B_PNG/20210511105726_YEWgVVLU.png?type=f160_116
45,2021 투싼 하이브리드,현대,국산차,준중형,2857.0,3612.0,15.8~16.2km/ℓ,"하이브리드,가솔린,전기",https://imgauto-phinf.pstatic.net/20200917_97/auto_1600330903344q5qIP_PNG/20200917172139_FGoXSmul.png?type=f160_116
46,2022 K9,기아,국산차,대형,5694.0,7608.0,8.1~9.0km/ℓ,가솔린,https://imgauto-phinf.pstatic.net/20210615_281/auto_16237213069140K4WM_PNG/20210615104143_kVaH7CYU.png?type=f160_116
47,2022 K5 하이브리드,기아,국산차,중형,2777.0,3384.0,19.1~20.1km/ℓ,"하이브리드,가솔린,전기",https://imgauto-phinf.pstatic.net/20210625_35/auto_16246045358272X9bN_PNG/20210625160209_velt1UvG.png?type=f160_116
48,2021 모하비,기아,국산차,준대형,4869.0,5694.0,9.3~9.4km/ℓ,디젤,https://imgauto-phinf.pstatic.net/20210111_156/auto_1610328246095RTTL7_PNG/20210111102249_yfFIDFcB.png?type=f160_116
49,2022 코란도,쌍용,국산차,준중형,2253.0,3279.0,10.5~16.0km/ℓ,"디젤,가솔린",https://imgauto-phinf.pstatic.net/20210602_289/auto_1622602772643rziK2_PNG/20210602115928_p302YYaQ.png?type=f160_116
50,2021 렉스턴 스포츠 칸,쌍용,국산차,준대형,2856.0,3829.0,10.0~10.3km/ℓ,디젤,https://imgauto-phinf.pstatic.net/20210405_253/auto_1617587717620p9447_PNG/20210405105507_HIFJBCQ5.png?type=f160_116
51,2020 아반떼 하이브리드,현대,국산차,준중형,2199.0,2814.0,21.1km/ℓ,"하이브리드,가솔린,전기",https://imgauto-phinf.pstatic.net/20200813_230/auto_1597282684498BP74l_PNG/20200813103801_tj4QXAvx.png?type=f160_116
52,2021 렉스턴 스포츠,쌍용,국산차,준대형,2439.0,3525.0,10.1~11.3km/ℓ,디젤,https://imgauto-phinf.pstatic.net/20210405_249/auto_1617586040580oGTuD_PNG/20210405102655_LASrq6W9.png?type=f160_116
53,2021 코나 하이브리드,현대,국산차,소형,2365.0,2981.0,17.4~19.3km/ℓ,"하이브리드,가솔린,전기",https://imgauto-phinf.pstatic.net/20201015_85/auto_1602731552505hIwmN_PNG/20201015121205_3GeLvTyt.png?type=f160_116
54,2021 쏘나타 하이브리드,현대,국산차,중형,2881.0,3635.0,19.1~20.1km/ℓ,"하이브리드,가솔린,전기",https://imgauto-phinf.pstatic.net/20210422_279/auto_1619063672053ehjzf_PNG/20210422125415_di5DCOTY.png?type=f160_116
55,2021 코나 N,현대,국산차,소형,3418.0,,10.0km/ℓ,가솔린,https://imgauto-phinf.pstatic.net/20210714_299/auto_1626240278303BCe1N_PNG/20210714142434_SSKvJm7Y.png?type=f160_116
56,2022 니로 EV,기아,국산차,소형,4590.0,4790.0,5.3km/kWh,전기,https://imgauto-phinf.pstatic.net/20210604_53/auto_1622771083931htOTQ_PNG/20210604104330_RUqlmtWE.png?type=f160_116
57,2022 티볼리 에어,쌍용,국산차,소형,1938.0,2236.0,11.9~12.0km/ℓ,가솔린,https://imgauto-phinf.pstatic.net/20210504_295/auto_1620096565726lJx9T_PNG/20210504114708_Vqv7aZqG.png?type=f160_116
58,2021 포터2,현대,국산차,중형,1694.0,2276.0,8.9~9.9km/ℓ,디젤,https://imgauto-phinf.pstatic.net/20210225_198/auto_1614223100807886ok_PNG/20210225121804_38NsPSqp.png?type=f160_116
59,2021 SM6,르노삼성,국산차,중형,2401.0,3422.0,9.4~13.6km/ℓ,"가솔린,LPG",https://imgauto-phinf.pstatic.net/20200715_236/auto_1594784554795szMHq_PNG/20200715124231_zYB0RYJe.png?type=f160_116
60,2022 K3 GT,기아,국산차,준중형,2582.0,,12.1km/ℓ,가솔린,https://imgauto-phinf.pstatic.net/20210420_68/auto_1618881884410ECyPv_PNG/20210420102425_trKM01Pt.png?type=f160_116
61,2020 i10,현대,국산차,경형,9500.0,,4.7~5.5ℓ/100km,가솔린,https://imgauto-phinf.pstatic.net/20191231_39/auto_1577752858187l83gD_PNG/20191231094053_sejlzzuV.png?type=f160_116
62,2021 캠시스 CEVO-C SE,캠시스,국산차,경형,1570.0,,6.3km/kWh,전기,https://imgauto-phinf.pstatic.net/20210319_299/auto_1616116246137K2pyP_PNG/20210319101025_dBIbd1QJ.png?type=f160_116
63,2021 쿠스토,현대,국산차,준대형,,,정보없음,가솔린,https://imgauto-phinf.pstatic.net/20210817_132/auto_1629187658801CdRD0_PNG/20210817170726_hg31dGac.png?type=f160_116
64,2021 G90L,제네시스,국산차,대형,15609.0,,억,72km,https://imgauto-phinf.pstatic.net/20200626_46/auto_159315168088155AKR_PNG/20200626150658_PEQM6Xby.png?type=f160_116
65,2020 봉고3,기아,국산차,중형,1529.0,2219.0,6.5~9.9km/ℓ,"디젤,LPG",https://imgauto-phinf.pstatic.net/20190905_297/auto_156767243599295Vaz_PNG/20190905173352_NMwLSevx.png?type=f160_116
66,2020 벨로스터 N,현대,국산차,준중형,3019.0,3460.0,10.2~10.7km/ℓ,가솔린,https://imgauto-phinf.pstatic.net/20200421_101/auto_1587434119691wwXK9_PNG/20200421105321_HCwpQJAd.png?type=f160_116
67,2020 텔루라이드,기아,국산차,준대형,31690.0,43490.0,정보없음,가솔린,https://imgauto-phinf.pstatic.net/20200214_153/auto_1581656813825zDIsp_PNG/20200214140650_L1ZhaqXM.png?type=f160_116
68,2021 G70 슈팅브레이크,제네시스,국산차,중형,,,정보없음,가솔린,https://imgauto-phinf.pstatic.net/20210513_131/auto_1620866960902EpAnG_PNG/20210513094900_PVKfje5V.png?type=f160_116
69,2019 쏠라티,현대,국산차,대형,6173.0,6499.0,정보없음,디젤,https://imgauto-phinf.pstatic.net/20200825_136/auto_1598341626481ebnu4_PNG/20200825164704_5TqYn7v1.png?type=f160_116
70,2022 니로 플러그인 하이브리드,기아,국산차,소형,3939.0,,18.6km/ℓ,"하이브리드,가솔린,전기",https://imgauto-phinf.pstatic.net/20210604_240/auto_1622774657849sLIrU_PNG/20210604114346_VYSuaYzO.png?type=f160_116
71,2021 싼타크루즈,현대,국산차,중형,,,정보없음,가솔린,https://imgauto-phinf.pstatic.net/20210416_28/auto_1618549563742zlv78_PNG/20210416140550_R2XJcjDf.png?type=f160_116
72,2020 i30,현대,국산차,준중형,,,정보없음,"디젤,가솔린",https://imgauto-phinf.pstatic.net/20200522_189/auto_1590157057315OcTRF_PNG/20200522231700_vZrMKJhh.png?type=f160_116
73,2020 포터2 일렉트릭,현대,국산차,중형,4060.0,4274.0,3.1km/kWh,전기,https://imgauto-phinf.pstatic.net/20191209_17/auto_1575865268623fSg5O_PNG/20191209132054_FfMbB1uU.png?type=f160_116
74,2021 디피코 포트로 EV 탑,디피코,국산차,경형,2068.0,2280.0,4.2km/kWh,전기,https://imgauto-phinf.pstatic.net/20210323_49/auto_1616471096847gqwOA_PNG/20210323124439_iSEth116.png?type=f160_116
75,2021 쏘렌토 플러그인 하이브리드,기아,국산차,중형,,,79.0mpg,"하이브리드,가솔린,전기",https://imgauto-phinf.pstatic.net/20210819_33/auto_1629361515274BJALO_PNG/20210819172502_b487gBB9.png?type=f160_116
76,2020 밍투,현대,국산차,중형,,,정보없음,가솔린,https://imgauto-phinf.pstatic.net/20201120_270/auto_1605859294683G6oyQ_PNG/20201120170121_T4Mnqv2L.png?type=f160_116
77,2020 SMART EV Z,SMART EV,국산차,경형,2750.0,,5.8km/kWh,전기,https://imgauto-phinf.pstatic.net/20200921_203/auto_1600677250909lpb68_PNG/20200921173408_mMAX5TPf.png?type=f160_116
78,2019 대창모터스 다니고 III 픽업,대창,국산차,경형,1880.0,,정보없음,전기,https://imgauto-phinf.pstatic.net/20191024_208/auto_1571893243020M2962_PNG/20191024140021_9PjPPuHA.png?type=f160_116
79,2020 봉고3 EV,기아,국산차,중형,4050.0,4270.0,3.1km/kWh,전기,https://imgauto-phinf.pstatic.net/20200107_217/auto_1578358719607HUOKP_PNG/20200107095837_0t9TTv5D.png?type=f160_116
80,2020 대창모터스 다니고 밴,대창,국산차,소형,3680.0,,정보없음,전기,https://imgauto-phinf.pstatic.net/20201119_278/auto_16057486881297yDu6_PNG/20201119101750_UJav8zxz.png?type=f160_116
81,2021 코나 일렉트릭,현대,국산차,소형,,,정보없음,전기,https://imgauto-phinf.pstatic.net/20210105_213/auto_1609834793889Uiw5i_PNG/20210105171942_A4ecVH6Y.png?type=f160_116
82,2020 크레타,현대,국산차,소형,1064000.0,,정보없음,"디젤,가솔린",https://imgauto-phinf.pstatic.net/20191031_213/auto_1572498176489plix1_PNG/20191031140215_1NZDt0KB.png?type=f160_116
83,2021 i30 N 패스트백,현대,국산차,준중형,49000.0,52000.0,정보없음,가솔린,https://imgauto-phinf.pstatic.net/20210618_52/auto_1623977548719wkMFE_PNG/20210618095207_ggCtG2KW.png?type=f160_116
84,2020 SMART EV D2P,SMART EV,국산차,경형,1980.0,,5.2km/kWh,전기,https://imgauto-phinf.pstatic.net/20200602_51/auto_1591075711847l00Cm_PNG/20200602142828_dzhM2H0y.png?type=f160_116
85,2020 라페스타 EV,현대,국산차,중형,24759.0,,정보없음,전기,https://imgauto-phinf.pstatic.net/20191219_281/auto_1576732111241gxnYG_PNG/20191219140814_mUMKpZvG.png?type=f160_116
86,2020 X씨드,기아,국산차,준중형,23295.0,28095.0,6.4~8.1ℓ/100km,"디젤,가솔린",https://imgauto-phinf.pstatic.net/20200226_210/auto_1582690274327gY6JK_PNG/20200226131049_U5tJ392f.png?type=f160_116
87,2020 밍투 일렉트릭,현대,국산차,중형,,,정보없음,전기,https://imgauto-phinf.pstatic.net/20201120_86/auto_1605859677308hvtqa_PNG/20201120170744_EDSgnHIv.png?type=f160_116
88,2021 리오 해치백,기아,국산차,소형,,,정보없음,가솔린,https://imgauto-phinf.pstatic.net/20200527_150/auto_1590564628631xQE1k_PNG/20200527163016_5f1FzeVS.png?type=f160_116
89,2020 i30 N,현대,국산차,준중형,,,정보없음,가솔린,https://imgauto-phinf.pstatic.net/20200925_267/auto_1600995780324bj5yg_PNG/20200925100242_obUpz49F.png?type=f160_116
90,2019 대창모터스 다니고 III 밴,대창,국산차,경형,1880.0,,정보없음,전기,https://imgauto-phinf.pstatic.net/20191205_204/auto_1575538804570mrRbG_PNG/20191205184002_lAGG5V1f.png?type=f160_116
91,2020 SMART EV D2C,SMART EV,국산차,경형,1980.0,,정보없음,전기,https://imgauto-phinf.pstatic.net/20191113_177/auto_1573612036056lVteC_PNG/20191113112615_FCgk7MJI.png?type=f160_116
92,2021 바이욘,현대,국산차,소형,16790.0,24790.0,정보없음,가솔린,https://imgauto-phinf.pstatic.net/20210303_138/auto_1614742434064fmzHV_PNG/20210303123342_SMDL2ynT.png?type=f160_116
93,2020 프로씨드,기아,국산차,준중형,19558.0,23525.0,6.8~8.4ℓ/100km,가솔린,https://imgauto-phinf.pstatic.net/20200120_143/auto_1579490273991EHlzG_PNG/20200120121741_LtjIAj9o.png?type=f160_116
94,2021 i20 N,현대,국산차,소형,,,정보없음,가솔린,https://imgauto-phinf.pstatic.net/20201021_107/auto_1603239876247r8sYU_PNG/20201021092422_137RRlDG.png?type=f160_116
95,2021 투싼 플러그인 하이브리드,현대,국산차,준중형,39330.0,,정보없음,"하이브리드,가솔린,전기",https://imgauto-phinf.pstatic.net/20210315_164/auto_1615773175574rGn1u_PNG/20210315105215_yKDHDUJP.png?type=f160_116
96,2020 i30 왜건,현대,국산차,준중형,,,정보없음,"디젤,가솔린",https://imgauto-phinf.pstatic.net/20200226_214/auto_1582687759202XxEL8_PNG/20200226122903_lCl9Vdtw.png?type=f160_116
97,2020 씨드 SW 플러그인 하이브리드,기아,국산차,준중형,24454.0,,정보없음,"하이브리드,가솔린,전기",https://imgauto-phinf.pstatic.net/20200120_274/auto_1579489502048eS0Fh_PNG/20200120120443_CdVIvNO2.png?type=f160_116
98,2020 i30 패스트백,현대,국산차,준중형,,,정보없음,"디젤,가솔린",https://imgauto-phinf.pstatic.net/20200226_215/auto_1582688173538x6V7y_PNG/20200226123555_ApWTYe03.png?type=f160_116
99,2020 X씨드 플러그인 하이브리드,기아,국산차,준중형,25037.0,28370.0,정보없음,"하이브리드,가솔린,전기",https://imgauto-phinf.pstatic.net/20200120_136/auto_1579486018414tGbqI_PNG/20200120110636_72nxBSgb.png?type=f160_116
100,2019 대창모터스 다니고 III 밴,대창,국산차,경형,1880.0,,정보없음,전기,https://imgauto-phinf.pstatic.net/20191205_204/auto_1575538804570mrRbG_PNG/20191205184002_lAGG5V1f.png?type=f160_116
101,2020 SMART EV D2C,SMART EV,국산차,경형,1980.0,,정보없음,전기,https://imgauto-phinf.pstatic.net/20191113_177/auto_1573612036056lVteC_PNG/20191113112615_FCgk7MJI.png?type=f160_116
102,2021 바이욘,현대,국산차,소형,16790.0,24790.0,정보없음,가솔린,https://imgauto-phinf.pstatic.net/20210303_138/auto_1614742434064fmzHV_PNG/20210303123342_SMDL2ynT.png?type=f160_116
103,2020 프로씨드,기아,국산차,준중형,19558.0,23525.0,6.8~8.4ℓ/100km,가솔린,https://imgauto-phinf.pstatic.net/20200120_143/auto_1579490273991EHlzG_PNG/20200120121741_LtjIAj9o.png?type=f160_116
104,2021 i20 N,현대,국산차,소형,,,정보없음,가솔린,https://imgauto-phinf.pstatic.net/20201021_107/auto_1603239876247r8sYU_PNG/20201021092422_137RRlDG.png?type=f160_116
105,2021 투싼 플러그인 하이브리드,현대,국산차,준중형,39330.0,,정보없음,"하이브리드,가솔린,전기",https://imgauto-phinf.pstatic.net/20210315_164/auto_1615773175574rGn1u_PNG/20210315105215_yKDHDUJP.png?type=f160_116
106,2020 i30 왜건,현대,국산차,준중형,,,정보없음,"디젤,가솔린",https://imgauto-phinf.pstatic.net/20200226_214/auto_1582687759202XxEL8_PNG/20200226122903_lCl9Vdtw.png?type=f160_116
107,2020 씨드 SW 플러그인 하이브리드,기아,국산차,준중형,24454.0,,정보없음,"하이브리드,가솔린,전기",https://imgauto-phinf.pstatic.net/20200120_274/auto_1579489502048eS0Fh_PNG/20200120120443_CdVIvNO2.png?type=f160_116
108,2020 i30 패스트백,현대,국산차,준중형,,,정보없음,"디젤,가솔린",https://imgauto-phinf.pstatic.net/20200226_215/auto_1582688173538x6V7y_PNG/20200226123555_ApWTYe03.png?type=f160_116
109,2020 X씨드 플러그인 하이브리드,기아,국산차,준중형,25037.0,28370.0,정보없음,"하이브리드,가솔린,전기",https://imgauto-phinf.pstatic.net/20200120_136/auto_1579486018414tGbqI_PNG/20200120110636_72nxBSgb.png?type=f160_116
110,2019 대창모터스 다니고 III 밴,대창,국산차,경형,1880.0,,정보없음,전기,https://imgauto-phinf.pstatic.net/20191205_204/auto_1575538804570mrRbG_PNG/20191205184002_lAGG5V1f.png?type=f160_116
111,2020 SMART EV D2C,SMART EV,국산차,경형,1980.0,,정보없음,전기,https://imgauto-phinf.pstatic.net/20191113_177/auto_1573612036056lVteC_PNG/20191113112615_FCgk7MJI.png?type=f160_116
112,2021 바이욘,현대,국산차,소형,16790.0,24790.0,정보없음,가솔린,https://imgauto-phinf.pstatic.net/20210303_138/auto_1614742434064fmzHV_PNG/20210303123342_SMDL2ynT.png?type=f160_116
113,2020 프로씨드,기아,국산차,준중형,19558.0,23525.0,6.8~8.4ℓ/100km,가솔린,https://imgauto-phinf.pstatic.net/20200120_143/auto_1579490273991EHlzG_PNG/20200120121741_LtjIAj9o.png?type=f160_116
114,2021 i20 N,현대,국산차,소형,,,정보없음,가솔린,https://imgauto-phinf.pstatic.net/20201021_107/auto_1603239876247r8sYU_PNG/20201021092422_137RRlDG.png?type=f160_116
115,2021 투싼 플러그인 하이브리드,현대,국산차,준중형,39330.0,,정보없음,"하이브리드,가솔린,전기",https://imgauto-phinf.pstatic.net/20210315_164/auto_1615773175574rGn1u_PNG/20210315105215_yKDHDUJP.png?type=f160_116
116,2020 i30 왜건,현대,국산차,준중형,,,정보없음,"디젤,가솔린",https://imgauto-phinf.pstatic.net/20200226_214/auto_1582687759202XxEL8_PNG/20200226122903_lCl9Vdtw.png?type=f160_116
117,2020 씨드 SW 플러그인 하이브리드,기아,국산차,준중형,24454.0,,정보없음,"하이브리드,가솔린,전기",https://imgauto-phinf.pstatic.net/20200120_274/auto_1579489502048eS0Fh_PNG/20200120120443_CdVIvNO2.png?type=f160_116
118,2020 i30 패스트백,현대,국산차,준중형,,,정보없음,"디젤,가솔린",https://imgauto-phinf.pstatic.net/20200226_215/auto_1582688173538x6V7y_PNG/20200226123555_ApWTYe03.png?type=f160_116
119,2020 X씨드 플러그인 하이브리드,기아,국산차,준중형,25037.0,28370.0,정보없음,"하이브리드,가솔린,전기",https://imgauto-phinf.pstatic.net/20200120_136/auto_1579486018414tGbqI_PNG/20200120110636_72nxBSgb.png?type=f160_116
120,2019 대창모터스 다니고 III 밴,대창,국산차,경형,1880.0,,정보없음,전기,https://imgauto-phinf.pstatic.net/20191205_204/auto_1575538804570mrRbG_PNG/20191205184002_lAGG5V1f.png?type=f160_116
121,2020 SMART EV D2C,SMART EV,국산차,경형,1980.0,,정보없음,전기,https://imgauto-phinf.pstatic.net/20191113_177/auto_1573612036056lVteC_PNG/20191113112615_FCgk7MJI.png?type=f160_116
122,2021 바이욘,현대,국산차,소형,16790.0,24790.0,정보없음,가솔린,https://imgauto-phinf.pstatic.net/20210303_138/auto_1614742434064fmzHV_PNG/20210303123342_SMDL2ynT.png?type=f160_116
123,2020 프로씨드,기아,국산차,준중형,19558.0,23525.0,6.8~8.4ℓ/100km,가솔린,https://imgauto-phinf.pstatic.net/20200120_143/auto_1579490273991EHlzG_PNG/20200120121741_LtjIAj9o.png?type=f160_116
124,2021 i20 N,현대,국산차,소형,,,정보없음,가솔린,https://imgauto-phinf.pstatic.net/20201021_107/auto_1603239876247r8sYU_PNG/20201021092422_137RRlDG.png?type=f160_116
125,2021 투싼 플러그인 하이브리드,현대,국산차,준중형,39330.0,,정보없음,"하이브리드,가솔린,전기",https://imgauto-phinf.pstatic.net/20210315_164/auto_1615773175574rGn1u_PNG/20210315105215_yKDHDUJP.png?type=f160_116
126,2020 i30 왜건,현대,국산차,준중형,,,정보없음,"디젤,가솔린",https://imgauto-phinf.pstatic.net/20200226_214/auto_1582687759202XxEL8_PNG/20200226122903_lCl9Vdtw.png?type=f160_116
127,2020 씨드 SW 플러그인 하이브리드,기아,국산차,준중형,24454.0,,정보없음,"하이브리드,가솔린,전기",https://imgauto-phinf.pstatic.net/20200120_274/auto_1579489502048eS0Fh_PNG/20200120120443_CdVIvNO2.png?type=f160_116
128,2020 i30 패스트백,현대,국산차,준중형,,,정보없음,"디젤,가솔린",https://imgauto-phinf.pstatic.net/20200226_215/auto_1582688173538x6V7y_PNG/20200226123555_ApWTYe03.png?type=f160_116
129,2020 X씨드 플러그인 하이브리드,기아,국산차,준중형,25037.0,28370.0,정보없음,"하이브리드,가솔린,전기",https://imgauto-phinf.pstatic.net/20200120_136/auto_1579486018414tGbqI_PNG/20200120110636_72nxBSgb.png?type=f160_116
0,2022 벤츠 AMG GT 4도어 쿠페,벤츠,수입차,대형,,,10.0ℓ/100km,가솔린,https://imgauto-phinf.pstatic.net/20210615_289/auto_1623732011432MFggb_PNG/20210615133957_rag6H2co.png?type=f160_116
1,2022 링컨 네비게이터,링컨,수입차,대형,,,정보없음,가솔린,https://imgauto-phinf.pstatic.net/20210819_205/auto_1629362007062CGsXF_PNG/20210819173310_4hxHQr0f.png?type=f160_116
2,2021 벤츠 E클래스,벤츠,수입차,준대형,6450.0,1460.0,억,91132km,https://imgauto-phinf.pstatic.net/20201109_239/auto_1604892407514cdRGP_PNG/20201109122644_1RocFNXN.png?type=f160_116
3,2022 렉서스 ES 하이브리드,렉서스,수입차,준대형,6190.0,6860.0,정보없음,"하이브리드,가솔린,전기",https://imgauto-phinf.pstatic.net/20210419_109/auto_1618829757494qck7z_PNG/20210419195544_oeErfwqq.png?type=f160_116
4,2022 부가티 시론 슈퍼 스포츠,부가티,수입차,스포츠카,3200000.0,,25.2ℓ/100km,가솔린,https://imgauto-phinf.pstatic.net/20210617_229/auto_1623926978290rw8a4_PNG/20210617194921_zI0yjIYD.png?type=f160_116
5,2022 로터스 에미라,로터스,수입차,스포츠카,60000.0,,정보없음,가솔린,https://imgauto-phinf.pstatic.net/20210708_111/auto_1625731766021G4hWI_PNG/20210708170904_pMi039Y9.png?type=f160_116
6,2022 렉서스 ES F 스포츠 하이브리드,렉서스,수입차,준대형,7110.0,,정보없음,"하이브리드,가솔린,전기",https://imgauto-phinf.pstatic.net/20210419_97/auto_1618829628541yxwFM_PNG/20210419195335_3bCSbeVb.png?type=f160_116
7,2021 벤츠 EQA,벤츠,수입차,준중형,5990.0,6790.0,4.1km/kWh,전기,https://imgauto-phinf.pstatic.net/20210121_100/auto_1611190342241ipA7n_PNG/20210121095204_XtCxMMbS.png?type=f160_116
8,2021 BMW 5시리즈,BMW,수입차,준대형,6360.0,12180.0,억,79156km,https://imgauto-phinf.pstatic.net/20200527_254/auto_15905516585213Tz8q_PNG/20200527125410_OYtEcTAt.png?type=f160_116
9,2021 벤츠 S클래스,벤츠,수입차,대형,14060.0,21860.0,억,억,https://imgauto-phinf.pstatic.net/20201029_210/auto_1603940833424952s7_PNG/20201029120710_HcVA5KYo.png?type=f160_116
10,2022 아바쓰 500,아바쓰,수입차,소형,23272.0,28000.0,6.0ℓ/100km,가솔린,https://imgauto-phinf.pstatic.net/20210705_33/auto_1625456493740rpe3A_PNG/20210705124119_nd16uufa.png?type=f160_116
11,2022 폭스바겐 제타,폭스바겐,수입차,준중형,,,정보없음,가솔린,https://imgauto-phinf.pstatic.net/20210824_228/auto_1629774989041E3vXy_PNG/20210824121612_wkpKgi8g.png?type=f160_116
12,2022 쉐보레 트레일블레이저,쉐보레,수입차,소형,1959.0,2853.0,11.6~12.9km/ℓ,가솔린,https://imgauto-phinf.pstatic.net/20201221_59/auto_1608521040474HCjuT_PNG/20201221122340_jN7G9EiY.png?type=f160_116
13,2021 테슬라 모델3,테슬라,수입차,중형,5479.0,7479.0,5.1~6.1km/kWh,전기,https://imgauto-phinf.pstatic.net/20210215_20/auto_1613357796593c1hLw_PNG/20210215111524_dJG1zEzC.png?type=f160_116
14,2022 쉐보레 볼트 EUV,쉐보레,수입차,소형,4490.0,,5.5km/kWh,전기,https://imgauto-phinf.pstatic.net/20210811_52/auto_1628646522632TMdaG_PNG/20210811104828_Sd52rt1f.png?type=f160_116
15,2021 폭스바겐 티구안,폭스바겐,수입차,준중형,4005.0,4646.0,13.4~15.6km/ℓ,디젤,https://imgauto-phinf.pstatic.net/20210722_246/auto_16269342747482VrtX_PNG/20210722151059_zYu7v93G.png?type=f160_116
16,2021 테슬라 모델Y,테슬라,수입차,중형,6999.0,7999.0,4.8~5.4km/kWh,전기,https://imgauto-phinf.pstatic.net/20210215_24/auto_1613363977843iDeLi_PNG/20210215133934_Ci191Qe5.png?type=f160_116
17,2021 아우디 Q5,아우디,수입차,중형,6409.0,6999.0,10.2~12.8km/ℓ,"디젤,가솔린",https://imgauto-phinf.pstatic.net/20210614_5/auto_1623643473640ByVur_PNG/20210614130419_HJ4EZIIi.png?type=f160_116
18,2022 쉐보레 볼트 EV,쉐보레,수입차,소형,4130.0,,5.4km/kWh,전기,https://imgauto-phinf.pstatic.net/20210811_63/auto_1628645624881JHLIe_PNG/20210811103318_OHleJr5u.png?type=f160_116
19,2021 벤츠 GLE 쿠페 AMG,벤츠,수입차,준대형,14360.0,18360.0,억,억,https://imgauto-phinf.pstatic.net/20210818_107/auto_1629261145049Cq8Qk_PNG/20210818133215_cMdlt8qH.png?type=f160_116
20,2021 BMW 3시리즈,BMW,수입차,중형,5170.0,8070.0,9.9~14.3km/ℓ,"디젤,가솔린",https://imgauto-phinf.pstatic.net/20201207_32/auto_160731954856467dy1_PNG/20201207143858_DfQjfP7O.png?type=f160_116
21,2022 다치아 더스터,다치아,수입차,소형,,,정보없음,"디젤,가솔린,LPG",https://imgauto-phinf.pstatic.net/20210623_116/auto_1624424953306r5jxR_PNG/20210623140856_fAYWG9AR.png?type=f160_116
22,2021 포르쉐 파나메라,포르쉐,수입차,대형,14290.0,29410.0,억,억,https://imgauto-phinf.pstatic.net/20210225_286/auto_1614229734266HwuFE_PNG/20210225140839_UXtrMRtT.png?type=f160_116
23,2022 폭스바겐 제타 GLI,폭스바겐,수입차,준중형,,,정보없음,가솔린,https://imgauto-phinf.pstatic.net/20210824_250/auto_1629775355250D6nvX_PNG/20210824122220_eYDAM8vl.png?type=f160_116
24,2021 아우디 A6,아우디,수입차,준대형,6457.0,8628.0,10.8~15.8km/ℓ,"디젤,가솔린",https://imgauto-phinf.pstatic.net/20210115_125/auto_1610682648332tvOev_PNG/20210115125036_5kg9B9y4.png?type=f160_116
25,2020 벤츠 C클래스,벤츠,수입차,중형,5080.0,6310.0,10.8~14.0km/ℓ,"디젤,가솔린",https://imgauto-phinf.pstatic.net/20200225_129/auto_1582592159026dyiSc_PNG/20200225095548_F8uMNoI9.png?type=f160_116
26,2021 볼보 XC60,볼보,수입차,중형,6090.0,7100.0,9.3~9.8km/ℓ,가솔린,https://imgauto-phinf.pstatic.net/20210401_28/auto_16172397199020Jbfn_PNG/20210401101507_ggk8nQI6.png?type=f160_116
27,2021 볼보 XC40,볼보,수입차,준중형,4670.0,5130.0,10.3km/ℓ,가솔린,https://imgauto-phinf.pstatic.net/20200819_1/auto_1597824307665Mn5d0_PNG/20200819170455_fIak5ChI.png?type=f160_116
28,2021 BMW X5,BMW,수입차,준대형,1330.0,14520.0,억,억,https://imgauto-phinf.pstatic.net/20201207_208/auto_1607330695506wrWws_PNG/20201207174444_yAe3Bqma.png?type=f160_116
29,2021 BMW X3,BMW,수입차,중형,6410.0,8910.0,8.7~12.1km/ℓ,"디젤,가솔린",https://imgauto-phinf.pstatic.net/20201207_243/auto_1607328023844YM8zp_PNG/20201207170012_w6FG0q02.png?type=f160_116
30,2021 벤츠 GLC클래스,벤츠,수입차,중형,6900.0,8000.0,9.2~12.4km/ℓ,"디젤,가솔린",https://imgauto-phinf.pstatic.net/20210308_14/auto_1615175374852YGFda_PNG/20210308124921_OF4plEik.png?type=f160_116
31,2022 랜드로버 디스커버리,랜드로버,수입차,준대형,8680.0,11340.0,억,75108km,https://imgauto-phinf.pstatic.net/20210503_78/auto_1620009951721WUn8b_PNG/20210503110218_QkcDMtc0.png?type=f160_116
32,2021 BMW X7,BMW,수입차,대형,13080.0,16940.0,억,억,https://imgauto-phinf.pstatic.net/20201201_27/auto_16068040247533EouQ_PNG/20201201152654_EWVi3jQ9.png?type=f160_116
33,2021 벤츠 A클래스,벤츠,수입차,준중형,3940.0,,11.9km/ℓ,가솔린,https://imgauto-phinf.pstatic.net/20201224_158/auto_1608777988452a3TdJ_PNG/20201224114616_zKJrRpJs.png?type=f160_116
34,2021 벤츠 G클래스,벤츠,수입차,중형,16060.0,,억,84km,https://imgauto-phinf.pstatic.net/20210408_119/auto_1617846230950WXdJr_PNG/20210408104338_fUN8ogHb.png?type=f160_116
35,2021 볼보 XC90,볼보,수입차,준대형,8260.0,9290.0,9.2km/ℓ,가솔린,https://imgauto-phinf.pstatic.net/20210401_87/auto_16172377871243TBVf_PNG/20210401094255_ebKuuYRZ.png?type=f160_116
36,2021 벤츠 GLB클래스,벤츠,수입차,준중형,5270.0,6370.0,10.5~14.2km/ℓ,"디젤,가솔린",https://imgauto-phinf.pstatic.net/20210119_146/auto_16110176431456Ce0R_PNG/20210119095348_flsaiPWf.png?type=f160_116
37,2021 포르쉐 타이칸,포르쉐,수입차,준대형,14560.0,23360.0,억,억,https://imgauto-phinf.pstatic.net/20201127_167/auto_1606439310527Alp5M_PNG/20201127100827_NlyOZOID.png?type=f160_116
38,2021 쉐보레 트래버스,쉐보레,수입차,준대형,4520.0,5522.0,8.3km/ℓ,가솔린,https://imgauto-phinf.pstatic.net/20210906_183/auto_1630886501724ljzoG_PNG/20210906090128_ZwtltIKA.png?type=f160_116
39,2021 BMW X6,BMW,수입차,준대형,11230.0,14800.0,억,억,https://imgauto-phinf.pstatic.net/20201207_106/auto_1607329856688C80s5_PNG/20201207173046_tNQ8lNhE.png?type=f160_116
40,2021 BMW X4,BMW,수입차,중형,6640.0,9120.0,8.7~11.5km/ℓ,"디젤,가솔린",https://imgauto-phinf.pstatic.net/20201207_205/auto_1607329367198KJgsw_PNG/20201207172236_ziB5zRA8.png?type=f160_116
41,2020 페라리 로마,페라리,수입차,스포츠카,32000.0,,억,74km,https://imgauto-phinf.pstatic.net/20191114_97/auto_1573697172618KGhl3_PNG/20191114110550_eSELvXsu.png?type=f160_116
42,2022 BMW X1,BMW,수입차,준중형,5080.0,5470.0,9.8~13.3km/ℓ,"디젤,가솔린",https://imgauto-phinf.pstatic.net/20210728_60/auto_1627456894794yeyep_PNG/20210728162117_Pmaxiejw.png?type=f160_116
43,2021 아우디 Q8,아우디,수입차,준대형,1243.0,11662.0,억,억,https://imgauto-phinf.pstatic.net/20201204_113/auto_16070653762499Fosw_PNG/20201204160237_P4z6QVtQ.png?type=f160_116
44,2022 쉐보레 스파크,쉐보레,수입차,경형,977.0,1448.0,14.4~15.0km/ℓ,가솔린,https://imgauto-phinf.pstatic.net/20210730_148/auto_1627614178038EDQp3_PNG/20210730120241_mJkmJqcX.png?type=f160_116
45,2021 벤츠 GLE클래스,벤츠,수입차,준대형,9970.0,11860.0,억,87107km,https://imgauto-phinf.pstatic.net/20210308_220/auto_1615176512715t6jiC_PNG/20210308130820_5vFxVOXq.png?type=f160_116
46,2021 포드 익스플로러,포드,수입차,준대형,6020.0,6760.0,8.3~8.9km/ℓ,가솔린,https://imgauto-phinf.pstatic.net/20210106_175/auto_1609895354334SVIQD_PNG/20210106100849_9aX2GkoL.png?type=f160_116
47,2021 벤츠 CLA클래스,벤츠,수입차,준중형,5520.0,,11.5km/ℓ,가솔린,https://imgauto-phinf.pstatic.net/20201117_256/auto_1605582170805Q6Aa9_PNG/20201117120208_6CCHu5C8.png?type=f160_116
48,2021 지프 레니게이드,지프,수입차,소형,3610.0,4360.0,9.2~10.0km/ℓ,가솔린,https://imgauto-phinf.pstatic.net/20210303_290/auto_16147373185226SQ3L_PNG/20210303110812_cOlOyz5I.png?type=f160_116
49,2021 폭스바겐 제타,폭스바겐,수입차,준중형,2949.0,3285.0,13.4km/ℓ,가솔린,https://imgauto-phinf.pstatic.net/20210115_188/auto_1610680116658cBdoN_PNG/20210115120818_DZhq88gS.png?type=f160_116
50,2021 BMW Z4,BMW,수입차,스포츠카,6640.0,9160.0,10.2km/ℓ,가솔린,https://imgauto-phinf.pstatic.net/20201207_9/auto_1607325105769m7RPO_PNG/20201207161127_lZYaZJwG.png?type=f160_116
51,2019 포르쉐 카이엔,포르쉐,수입차,준대형,11120.0,17100.0,억,억,https://imgauto-phinf.pstatic.net/20190131_282/auto_1548912900709iVg6q_PNG/20190131143440_gKMQ1ynV.png?type=f160_116
52,2021 아우디 A7,아우디,수입차,준대형,8923.0,9856.0,9.5~12.1km/ℓ,"디젤,가솔린",https://imgauto-phinf.pstatic.net/20201204_172/auto_1607064757012NKf2o_PNG/20201204155221_f6Bn9WqX.png?type=f160_116
53,2021 벤츠 CLS클래스,벤츠,수입차,준대형,11160.0,12260.0,억,억,https://imgauto-phinf.pstatic.net/20201124_131/auto_1606193113430LnjyK_PNG/20201124134453_Q48zDBlk.png?type=f160_116
54,2021 벤츠 마이바흐 S클래스,벤츠,수입차,대형,26060.0,,억,79km,https://imgauto-phinf.pstatic.net/20210623_15/auto_1624422701904JBAdH_PNG/20210623133138_D4iyOcyE.png?type=f160_116
55,2021 벤츠 GLE클래스 AMG,벤츠,수입차,준대형,14260.0,,억,83km,https://imgauto-phinf.pstatic.net/20210818_248/auto_1629261334045dHI6v_PNG/20210818133522_sN1fJ7PS.png?type=f160_116
56,2021 벤츠 EQS AMG,벤츠,수입차,대형,,,4.2km/kWh,전기,https://imgauto-phinf.pstatic.net/20210906_94/auto_16309088483651AloE_PNG/20210906151352_JQLl4Whh.png?type=f160_116
57,2021 캐딜락 에스컬레이드,캐딜락,수입차,대형,15357.0,,억,65km,https://imgauto-phinf.pstatic.net/20210610_156/auto_1623286456209xRUbI_PNG/20210610095404_3BXgVmYI.png?type=f160_116
58,2021 볼보 S90,볼보,수입차,준대형,6030.0,7090.0,10.3~11.3km/ℓ,가솔린,https://imgauto-phinf.pstatic.net/20210621_184/auto_16242495049603kKyJ_PNG/20210621132458_ZCE05s2h.png?type=f160_116
59,2021 BMW 4시리즈 컨버터블,BMW,수입차,중형,6790.0,9000.0,11.4km/ℓ,가솔린,https://imgauto-phinf.pstatic.net/20210830_273/auto_1630291662601OGCuN_PNG/20210830114725_TSNc5U3P.png?type=f160_116
60,2021 벤츠 GLS클래스,벤츠,수입차,대형,14060.0,16760.0,억,억,https://imgauto-phinf.pstatic.net/20210302_224/auto_1614654858743jbnju_PNG/20210302121408_VjNQwiyZ.png?type=f160_116
61,2021 람보르기니 우루스,람보르기니,수입차,대형,25990.0,,억,63km,https://imgauto-phinf.pstatic.net/20200902_89/auto_1599008310127SWc35_PNG/20200902095803_w85bG5L3.png?type=f160_116
62,2021 쉐보레 콜로라도,쉐보레,수입차,준대형,3830.0,4649.0,8.1~8.3km/ℓ,가솔린,https://imgauto-phinf.pstatic.net/20200916_63/auto_160022066414464xYH_PNG/20200916104408_R9sdmid1.png?type=f160_116
63,2022 쉐보레 말리부,쉐보레,수입차,중형,2364.0,3338.0,10.5~14.2km/ℓ,가솔린,https://imgauto-phinf.pstatic.net/20210730_19/auto_1627614609181A0qB3_PNG/20210730120953_9yV1HZYg.png?type=f160_116
64,2021 볼보 S60,볼보,수입차,중형,4810.0,5410.0,11.7km/ℓ,가솔린,https://imgauto-phinf.pstatic.net/20200819_54/auto_1597822948881ksznx_PNG/20200819164216_ISzNeHbu.png?type=f160_116
65,2021 벤틀리 플라잉 스퍼,벤틀리,수입차,대형,32000.0,32300.0,억,억,https://imgauto-phinf.pstatic.net/20201015_70/auto_1602723403147KxXbW_PNG/20201015095628_fqoMZpvO.png?type=f160_116
66,2021 벤츠 GLA클래스,벤츠,수입차,준중형,5260.0,6010.0,10.5~11.5km/ℓ,가솔린,https://imgauto-phinf.pstatic.net/20201124_135/auto_1606196014324KEUgI_PNG/20201124143322_92zOOpaO.png?type=f160_116
67,2021 마세라티 기블리,마세라티,수입차,준대형,11450.0,18050.0,억,억,https://imgauto-phinf.pstatic.net/20200717_286/auto_1594946566143E8Jnm_PNG/20200717094233_ssdnGPJU.png?type=f160_116
68,2021 BMW 4시리즈,BMW,수입차,중형,5940.0,8290.0,10.4~11.5km/ℓ,가솔린,https://imgauto-phinf.pstatic.net/20210201_23/auto_1612160168217I7YGD_PNG/20210201151434_8tREJsbO.png?type=f160_116
69,2021 BMW 6시리즈 그란투리스모,BMW,수입차,준대형,8210.0,1420.0,억,93135km,https://imgauto-phinf.pstatic.net/20200527_265/auto_1590555275828UNNud_PNG/20200527135400_VZafgpBW.png?type=f160_116
70,2019 테슬라 모델X,테슬라,수입차,준대형,11599.0,13599.0,억,억,https://imgauto-phinf.pstatic.net/20200313_16/auto_1584061921235JIJPN_PNG/20200313101159_jbAeiURL.png?type=f160_116
71,2021 폭스바겐 투아렉,폭스바겐,수입차,준대형,8275.0,9659.0,10.3km/ℓ,디젤,https://imgauto-phinf.pstatic.net/20201216_234/auto_1608085332991HR5bY_PNG/20201216112158_svA6J3fW.png?type=f160_116
72,2021 렉서스 ES 하이브리드,렉서스,수입차,준대형,6110.0,6710.0,17.2km/ℓ,"하이브리드,가솔린,전기",https://imgauto-phinf.pstatic.net/20201221_106/auto_1608534320255NuFou_PNG/20201221160517_NQSXnsAk.png?type=f160_116
73,2022 토요타 캠리 하이브리드,토요타,수입차,중형,3762.0,4357.0,17.1~18.5km/ℓ,"하이브리드,가솔린,전기",https://imgauto-phinf.pstatic.net/20210518_213/auto_1621306810838jglzk_PNG/20210518115958_YQ1vOFTi.png?type=f160_116
74,2021 지프 랭글러,지프,수입차,중형,5990.0,6740.0,8.2~9.0km/ℓ,가솔린,https://imgauto-phinf.pstatic.net/20210303_30/auto_1614736752617woK7T_PNG/20210303105859_uahH7QVw.png?type=f160_116
75,2021 아우디 e-트론,아우디,수입차,준대형,9805.0,11492.0,억,2930kmkWh,https://imgauto-phinf.pstatic.net/20210521_121/auto_1621557356062LLvFi_PNG/20210521093540_8aFOYUQC.png?type=f160_116
76,2021 BMW 7시리즈,BMW,수입차,대형,13870.0,23340.0,억,억,https://imgauto-phinf.pstatic.net/20201207_239/auto_1607321606383rGDMj_PNG/20201207151305_YTByWhC1.png?type=f160_116
77,2021 링컨 에비에이터,링컨,수입차,준대형,8410.0,9390.0,8.1km/ℓ,가솔린,https://imgauto-phinf.pstatic.net/20210728_51/auto_1627459683091js66D_PNG/20210728170752_Sl2PhNah.png?type=f160_116
78,2021 벤츠 A클래스 세단,벤츠,수입차,준중형,4040.0,4890.0,11.6~16.1km/ℓ,"디젤,가솔린",https://imgauto-phinf.pstatic.net/20201124_132/auto_1606184044135dTQxT_PNG/20201124111347_YAnMepSI.png?type=f160_116
79,2021 벤츠 GLC 쿠페,벤츠,수입차,중형,7390.0,8310.0,9.2~12.4km/ℓ,"디젤,가솔린",https://imgauto-phinf.pstatic.net/20210308_127/auto_1615174919857wSLNF_PNG/20210308124148_3Xsb0rxx.png?type=f160_116
80,2021 아우디 Q7,아우디,수입차,준대형,9129.0,11262.0,억,79110km,https://imgauto-phinf.pstatic.net/20201204_41/auto_1607065135356JReK4_PNG/20201204155837_q1qaMpce.png?type=f160_116
81,2021 BMW 1시리즈,BMW,수입차,준중형,3940.0,6080.0,10.0~14.3km/ℓ,"디젤,가솔린",https://imgauto-phinf.pstatic.net/20201207_145/auto_1607314909914AFViy_PNG/20201207132132_wCtB5Jhd.png?type=f160_116
82,2021 폭스바겐 티록,폭스바겐,수입차,소형,3599.0,4032.0,15.1km/ℓ,디젤,https://imgauto-phinf.pstatic.net/20210129_97/auto_1611888721630LXKJH_PNG/20210129115149_2Ab5CZGX.png?type=f160_116
83,2021 볼보 V60 크로스 컨트리,볼보,수입차,중형,5330.0,5940.0,10.2km/ℓ,가솔린,https://imgauto-phinf.pstatic.net/20200819_5/auto_1597823702225stDAn_PNG/20200819165451_psTjO5Hz.png?type=f160_116
84,2021 벤츠 AMG GT 4도어 쿠페,벤츠,수입차,대형,13760.0,24160.0,억,억,https://imgauto-phinf.pstatic.net/20210504_44/auto_1620110080715sFkdt_PNG/20210504153439_elUHUw7H.png?type=f160_116
85,2021 벤틀리 벤테이가,벤틀리,수입차,대형,3900.0,,억,정보없음,https://imgauto-phinf.pstatic.net/20210120_203/auto_1611130848423NW4G5_PNG/20210120172035_EQW0GUrB.png?type=f160_116
86,2020 링컨 노틸러스,링컨,수입차,중형,5910.0,6680.0,8.7km/ℓ,가솔린,https://imgauto-phinf.pstatic.net/20200814_283/auto_1597375671365DiifQ_PNG/20200814122739_6sUmwaSI.png?type=f160_116
87,2021 랜드로버 디펜더 110,랜드로버,수입차,중형,9180.0,11660.0,억,7698km,https://imgauto-phinf.pstatic.net/20210614_24/auto_16236350602932S5SK_PNG/20210614104407_U6Bc9UPp.png?type=f160_116
88,2021 BMW 2시리즈,BMW,수입차,준중형,36350.0,48550.0,5.1~8.8ℓ/100km,"디젤,가솔린",https://imgauto-phinf.pstatic.net/20210708_175/auto_16257308304273Dc5h_PNG/20210708165335_zrBv3Wsm.png?type=f160_116
89,2022 쉐보레 트랙스,쉐보레,수입차,소형,1885.0,2333.0,11.4km/ℓ,가솔린,https://imgauto-phinf.pstatic.net/20210118_62/auto_1610958494502bxV5m_PNG/20210118172756_Mlehxu0d.png?type=f160_116
90,2021 마세라티 콰트로포르테,마세라티,수입차,대형,16730.0,28360.0,억,억,https://imgauto-phinf.pstatic.net/20200811_104/auto_15971115410466LRoN_PNG/20200811110527_oLrdzIhd.png?type=f160_116
91,2021 벤츠 GLE 쿠페,벤츠,수입차,준대형,12060.0,,억,105km,https://imgauto-phinf.pstatic.net/20210308_103/auto_1615175541642fbspf_PNG/20210308125211_H1aLt93B.png?type=f160_116
92,2021 벤츠 GLC클래스 AMG,벤츠,수입차,중형,9800.0,,8.3km/ℓ,가솔린,https://imgauto-phinf.pstatic.net/20210818_116/auto_1629260743100WqfCi_PNG/20210818132534_WAizC9p6.png?type=f160_116
93,2021 벤츠 EQE,벤츠,수입차,준대형,,,5.2km/kWh,전기,https://imgauto-phinf.pstatic.net/20210906_61/auto_1630905529001nG93z_PNG/20210906141830_bWIMtEQf.png?type=f160_116
94,2021 미니 컨트리맨,미니,수입차,소형,3960.0,4470.0,11.6km/ℓ,가솔린,https://imgauto-phinf.pstatic.net/20201008_270/auto_1602122605861VVrFX_PNG/20201008110309_TxcpgwQF.png?type=f160_116
95,2021 포드 레인저 랩터,포드,수입차,준대형,6390.0,,8.9km/ℓ,디젤,https://imgauto-phinf.pstatic.net/20210222_68/auto_1613976022215w7caj_PNG/20210222154005_2l6XCep7.png?type=f160_116
96,2019 포르쉐 박스터,포르쉐,수입차,스포츠카,8960.0,1130.0,억,9094km,https://imgauto-phinf.pstatic.net/20180214_32/auto_1518587388260RUJdL_PNG/20180214144946_9qZDpKcc.png?type=f160_116
97,2019 테슬라 모델S,테슬라,수입차,준대형,1414.0,12914.0,억,억,https://imgauto-phinf.pstatic.net/20210122_235/auto_1611295216722Royc9_PNG/20210122150013_FXZA5qh7.png?type=f160_116
98,2021 마세라티 르반떼,마세라티,수입차,준대형,13610.0,23910.0,억,억,https://imgauto-phinf.pstatic.net/20210420_277/auto_1618898140180sQ9aj_PNG/20210420145534_W2FhucVl.png?type=f160_116
99,2021 포드 머스탱,포드,수입차,스포츠카,51720.0,,정보없음,가솔린,https://imgauto-phinf.pstatic.net/20200617_40/auto_15923662785010gBS5_PNG/20200617125738_W8RuWX9B.png?type=f160_116
100,2021 벤츠 EQS,벤츠,수입차,대형,106374.0,135529.0,정보없음,전기,https://imgauto-phinf.pstatic.net/20210416_156/auto_1618535455135tsW1i_PNG/20210416101037_kQ1wMO2B.png?type=f160_116
101,2021 맥라렌 아투라,맥라렌,수입차,스포츠카,29900.0,,억,정보없음,https://imgauto-phinf.pstatic.net/20210217_33/auto_1613527733926bwk9I_PNG/20210217110836_AAbT4dTc.png?type=f160_116
102,2021 볼보 V90 크로스 컨트리,볼보,수입차,준대형,6900.0,7920.0,10.2~10.5km/ℓ,가솔린,https://imgauto-phinf.pstatic.net/20201021_256/auto_1603242148042JX4Yc_PNG/20201021100225_Cpi8R1xd.png?type=f160_116
103,2021 롤스로이스 고스트,롤스로이스,수입차,대형,47100.0,,억,65km,https://imgauto-phinf.pstatic.net/20200907_234/auto_1599449881605HK7d2_PNG/20200907123750_yfrgORnx.png?type=f160_116
104,2020 포르쉐 911 카레라,포르쉐,수입차,스포츠카,14790.0,17400.0,억,억,https://imgauto-phinf.pstatic.net/20200225_92/auto_1582596424780VeKKy_PNG/20200225110653_aHf8QRH1.png?type=f160_116
105,2021 아우디 A4,아우디,수입차,중형,5014.0,6093.0,10.5~15.9km/ℓ,"디젤,가솔린",https://imgauto-phinf.pstatic.net/20210115_296/auto_1610680528971XKsYt_PNG/20210115121515_1AaO5uIS.png?type=f160_116
106,2020 리비안 R1S,리비안,수입차,준대형,65000.0,,정보없음,전기,https://imgauto-phinf.pstatic.net/20200918_203/auto_1600418348371Ux6MX_PNG/20200918173905_BX0ZGqHB.png?type=f160_116
107,2021 포드 레인저,포드,수입차,준대형,4990.0,,10.0km/ℓ,디젤,https://imgauto-phinf.pstatic.net/20210222_238/auto_1613973506579fsghq_PNG/20210222145823_nyKIiqYa.png?type=f160_116
108,2021 렉서스 NX 하이브리드,렉서스,수입차,중형,5960.0,6770.0,12.0km/ℓ,"하이브리드,가솔린,전기",https://imgauto-phinf.pstatic.net/20201012_58/auto_1602475454804qze9L_PNG/20201012130358_GSvLS0BV.png?type=f160_116
109,2020 폭스바겐 아테온,폭스바겐,수입차,중형,5324.0,6113.0,13.4~15.2km/ℓ,디젤,https://imgauto-phinf.pstatic.net/20200707_3/auto_1594093461779Kvbt3_PNG/20200707124410_VO4ejJ8b.png?type=f160_116
110,2019 페라리 SF90 스트라달레,페라리,수입차,스포츠카,64000.0,,억,74km,https://imgauto-phinf.pstatic.net/20190702_123/auto_15620546210899ybIO_PNG/20190702170339_LRGy9rmt.png?type=f160_116
111,2021 아우디 RS7,아우디,수입차,준대형,16402.0,,억,74km,https://imgauto-phinf.pstatic.net/20210802_16/auto_1627878859387oPrrj_PNG/20210802133402_yimSVJTS.png?type=f160_116
112,2021 벤츠 C클래스,벤츠,수입차,중형,,,5.6~7.9ℓ/100km,"디젤,가솔린",https://imgauto-phinf.pstatic.net/20210225_238/auto_1614233968079oEtMz_PNG/20210225151915_DdkjrSXB.png?type=f160_116
113,2021 토요타 시에나 하이브리드,토요타,수입차,대형,6200.0,6400.0,13.7~14.5km/ℓ,"하이브리드,가솔린,전기",https://imgauto-phinf.pstatic.net/20210413_11/auto_1618287298271xoqfB_PNG/20210413131455_WWwYe8H9.png?type=f160_116
114,2021 지프 체로키,지프,수입차,중형,4640.0,5290.0,8.1~9.5km/ℓ,가솔린,https://imgauto-phinf.pstatic.net/20210303_214/auto_1614737670432ATwzg_PNG/20210303111416_D8zF5Le1.png?type=f160_116
115,2021 포르쉐 카이엔 쿠페,포르쉐,수입차,준대형,143910.0,,14.1ℓ/100km,가솔린,https://imgauto-phinf.pstatic.net/20210630_288/auto_1625026321879vhqid_PNG/20210630131131_1dmCTqHV.png?type=f160_116
116,2021 아우디 Q5 스포트백,아우디,수입차,중형,6704.0,7293.0,13.0km/ℓ,디젤,https://imgauto-phinf.pstatic.net/20210906_206/auto_16309123360168NdKY_PNG/20210906161200_ozlbU7uy.png?type=f160_116
117,2021 쉐보레 카마로,쉐보레,수입차,스포츠카,5450.0,5529.0,7.4km/ℓ,가솔린,https://imgauto-phinf.pstatic.net/20201026_275/auto_1603678706677L1qbD_PNG/20201026111816_9nATT5Zo.png?type=f160_116
118,2020 포드 브롱코 4도어,포드,수입차,중형,,,정보없음,가솔린,https://imgauto-phinf.pstatic.net/20200714_170/auto_15946983101403ap2t_PNG/20200714124456_Gen0mULh.png?type=f160_116
119,2020 아우디 Q3,아우디,수입차,준중형,4656.0,4902.0,14.7km/ℓ,디젤,https://imgauto-phinf.pstatic.net/20200519_101/auto_15898787775012lpcD_PNG/20200519175925_LYKGnDiK.png?type=f160_116
120,2020 벤츠 EQC,벤츠,수입차,중형,9560.0,,3.2km/kWh,전기,https://imgauto-phinf.pstatic.net/20191021_70/auto_1571632761146O1GeB_PNG/20191021133909_GJ9DQZtf.png?type=f160_116
121,2021 혼다 어코드 하이브리드,혼다,수입차,중형,4570.0,,17.5km/ℓ,"하이브리드,가솔린,전기",https://imgauto-phinf.pstatic.net/20210112_221/auto_16104346834412BYk8_PNG/20210112155752_aqfPuKib.png?type=f160_116
122,2021 벤츠 GLC 쿠페 AMG,벤츠,수입차,중형,9970.0,13260.0,억,7081km,https://imgauto-phinf.pstatic.net/20210818_179/auto_1629260577179rDSdQ_PNG/20210818132243_cZwsXoiZ.png?type=f160_116
123,2021 렉서스 UX 하이브리드,렉서스,수입차,준중형,4560.0,5480.0,15.0~16.7km/ℓ,"하이브리드,가솔린,전기",https://imgauto-phinf.pstatic.net/20210112_192/auto_1610430474358Q8BU7_PNG/20210112144737_rDZCK4N4.png?type=f160_116
124,2021 혼다 CR-V 하이브리드,혼다,수입차,준중형,4510.0,4770.0,14.5km/ℓ,"하이브리드,가솔린,전기",https://imgauto-phinf.pstatic.net/20210112_227/auto_1610433667574jWvBf_PNG/20210112154053_DqpM7o4c.png?type=f160_116
125,2020 리비안 R1T,리비안,수입차,대형,61500.0,,정보없음,전기,https://imgauto-phinf.pstatic.net/20200918_294/auto_1600418449909TwDEB_PNG/20200918174047_kXxMMNLt.png?type=f160_116
126,2021 토요타 라브4 하이브리드,토요타,수입차,준중형,4059.0,4627.0,15.5~15.7km/ℓ,"하이브리드,가솔린,전기",https://imgauto-phinf.pstatic.net/20200923_160/auto_1600826340171BfqYR_PNG/20200923105846_g8Vgtx65.png?type=f160_116
127,2021 포르쉐 마칸,포르쉐,수입차,중형,,,9.9ℓ/100km,가솔린,https://imgauto-phinf.pstatic.net/20210720_69/auto_1626767697432GQbr4_PNG/20210720165439_CAcodfx5.png?type=f160_116
128,2021 테슬라 사이버트럭,테슬라,수입차,대형,39900.0,69900.0,정보없음,전기,https://imgauto-phinf.pstatic.net/20191122_151/auto_1574405620284UCibN_PNG/20191122155337_n0qrJJVp.png?type=f160_116
129,2021 아우디 R8,아우디,수입차,스포츠카,25569.0,,억,60km,https://imgauto-phinf.pstatic.net/20210204_88/auto_1612400545637c8Ga1_PNG/20210204100206_UThOzWAB.png?type=f160_116
130,2021 벤츠 E클래스 카브리올레,벤츠,수입차,준대형,1660.0,,억,91km,https://imgauto-phinf.pstatic.net/20200527_195/auto_1590562984743A6iX6_PNG/20200527160252_kggXmTCQ.png?type=f160_116
131,2020 벤츠 C클래스 카브리올레,벤츠,수입차,중형,6730.0,,10.4km/ℓ,가솔린,https://imgauto-phinf.pstatic.net/20200414_132/auto_1586836070759ghLRq_PNG/20200414124738_ZlmVeTq4.png?type=f160_116
132,2021 재규어 F-페이스,재규어,수입차,중형,7350.0,7940.0,12.8km/ℓ,디젤,https://imgauto-phinf.pstatic.net/20210811_103/auto_1628674021869YwY7n_PNG/20210811182657_w5pRJphl.png?type=f160_116
133,2021 지프 컴패스,지프,수입차,준중형,4290.0,4590.0,9.6km/ℓ,가솔린,https://imgauto-phinf.pstatic.net/20200608_2/auto_1591588747455zBURl_PNG/20200608125855_eP27r1GZ.png?type=f160_116
134,2021 랜드로버 레인지로버 이보크,랜드로버,수입차,준중형,6770.0,7890.0,8.9km/ℓ,가솔린,https://imgauto-phinf.pstatic.net/20210405_31/auto_1617583919824pRAhp_PNG/20210405095142_mX7d6FuG.png?type=f160_116
135,2021 링컨 네비게이터,링컨,수입차,대형,11840.0,,억,72km,https://imgauto-phinf.pstatic.net/20210325_188/auto_16166445495669bT9s_PNG/20210325125536_NETBIqTa.png?type=f160_116
136,2019 스즈키 짐니,스즈키,수입차,경형,1458000.0,1841400.0,13.2~16.2km/ℓ,가솔린,https://imgauto-phinf.pstatic.net/20190702_216/auto_1562048133407PE9wc_PNG/20190702151531_wbBnTlTf.png?type=f160_116
137,2021 폭스바겐 파사트 GT,폭스바겐,수입차,중형,4490.0,5390.0,14.0~14.9km/ℓ,디젤,https://imgauto-phinf.pstatic.net/20201214_203/auto_1607916532279biYCj_PNG/20201214122826_tO5n8tG4.png?type=f160_116
138,2021 랜드로버 레인지로버,랜드로버,수입차,대형,17187.0,21497.0,억,억,https://imgauto-phinf.pstatic.net/20210125_47/auto_1611536473091rgKx5_PNG/20210125100059_CJNMZTsP.png?type=f160_116
139,2021 혼다 CR-V,혼다,수입차,준중형,3850.0,,12.6km/ℓ,가솔린,https://imgauto-phinf.pstatic.net/20210112_182/auto_1610432792094oCgtJ_PNG/20210112152208_Hl4QC6VS.png?type=f160_116
140,2021 푸조 2008,푸조,수입차,소형,3278.0,3585.0,17.1km/ℓ,디젤,https://imgauto-phinf.pstatic.net/20210201_40/auto_1612149030113VGR9g_PNG/20210201121017_WokKiJxX.png?type=f160_116
141,2020 아우디 Q2,아우디,수입차,소형,3850.0,4242.0,15.1km/ℓ,디젤,https://imgauto-phinf.pstatic.net/20200831_272/auto_1598857898135sQeUU_PNG/20200831161128_WBMC7kC2.png?type=f160_116
142,2021 벤츠 AMG GT 4도어 쿠페 E 퍼포먼스,벤츠,수입차,대형,,,8.6ℓ/100km,"하이브리드,가솔린,전기",https://imgauto-phinf.pstatic.net/20210901_163/auto_1630461482828ORmpM_PNG/20210901105740_qqGbPhX9.png?type=f160_116
143,2020 링컨 코세어,링컨,수입차,준중형,5720.0,,9.2km/ℓ,가솔린,https://imgauto-phinf.pstatic.net/20190425_268/auto_1556169274574nCEtF_PNG/20190425141432_RDWrC0As.png?type=f160_116
144,2021 포드 익스페디션,포드,수입차,대형,8240.0,,7.4km/ℓ,가솔린,https://imgauto-phinf.pstatic.net/20210322_136/auto_1616391451065M8hsh_PNG/20210322143721_watTq5OG.png?type=f160_116
145,2021 BMW M4,BMW,수입차,중형,12270.0,13170.0,억,억,https://imgauto-phinf.pstatic.net/20210419_121/auto_1618801998078uFn2t_PNG/20210419121308_lLQJV743.png?type=f160_116
146,2021 아우디 e-트론 스포트백,아우디,수입차,준대형,1198.0,12130.0,억,억,https://imgauto-phinf.pstatic.net/20210521_198/auto_1621557392992uMqNv_PNG/20210521093613_77KWYC39.png?type=f160_116
147,2021 BMW M5,BMW,수입차,준대형,16120.0,2580.0,억,억,https://imgauto-phinf.pstatic.net/20201102_99/auto_1604283200023DkYTT_PNG/20201102111307_p494Dzfq.png?type=f160_116
148,2020 페라리 F8 스파이더,페라리,수입차,스포츠카,39700.0,,억,64km,https://imgauto-phinf.pstatic.net/20190916_138/auto_15686143598401uR64_PNG/20190916151222_Ij68SVPH.png?type=f160_116
149,2020 캐딜락 CT5,캐딜락,수입차,준대형,5428.0,5921.0,10.2km/ℓ,가솔린,https://imgauto-phinf.pstatic.net/20201019_46/auto_1603079878076dBgTQ_PNG/20201019125755_GP6CM48c.png?type=f160_116
